suburb,profile,observed_median_rate,rate_q25,rate_q75,short_stay_listings,median_observed_dates,short_stay_universe,price_coverage,median_asking_price,asking_price_q25,asking_price_q75,median_price_per_sqm,median_usable_area,area_q25,area_q75,sale_listings,scenario_occupied_nights,annualized_gross_revenue_scenario,gross_yield_scenario,evidence_eligible
Alto Sao Bento,2Q,199.0,199.0,199.0,1.0,48.0,21.0,0.047619047619047616,618710.0,549000.0,676445.0,9384.057971014492,65.0,60.0,69.0,35.0,228.125,45396.875,0.07337343020154838,False
Alto Sao Bento,Studio/1Q,230.0,205.0,255.0,2.0,67.5,5.0,0.4,,,,,,,,,228.125,52468.75,,False
Andorinha,2Q,,,,,,,,954000.0,849230.0,1128585.0,11223.529411764706,83.0,75.0,93.0,65.0,228.125,,,False
Andorinha,3Q,,,,,,,,1699870.0,1450000.0,1990000.0,13743.75,122.0,115.0,133.0,465.0,228.125,,,False
Andorinha,4Q,,,,,,,,2750000.0,2298300.0,3553905.0,15163.101604278076,182.0,163.0,208.0,195.0,228.125,,,False
Andorinha,5Q,,,,,,,,4199660.0,4042730.5,5605047.5,15663.8,300.0,248.0,358.5,7.0,228.125,,,False
Andorinha,6Q,,,,,,,,9878830.0,9878830.0,9878830.0,32929.433333333334,300.0,300.0,300.0,2.0,228.125,,,False
Andorinha,Studio/1Q,,,,,,,,679500.0,641703.0,711906.0,14735.023255813954,43.0,40.75,45.75,8.0,228.125,,,False
Canto Da Praia,2Q,509.0,494.75,538.375,4.0,62.0,7.0,0.5714285714285714,1221806.5,1207999.75,1417000.0,14270.114942528737,87.5,87.0,88.0,14.0,228.125,116115.625,0.095036018387527,False
Canto Da Praia,3Q,307.625,307.625,307.625,1.0,28.0,1.0,1.0,1769930.0,1507500.0,2349900.0,15050.505050505051,116.0,100.0,140.0,66.0,228.125,70176.953125,0.03964956417767934,False
Canto Da Praia,4Q,,,,,,,,4874765.0,3070000.0,7187250.0,25493.743949394942,196.0,168.0,243.0,14.0,228.125,,,False
Canto Da Praia,5Q,,,,,,,,7650000.0,7650000.0,7650000.0,21857.14285714286,350.0,350.0,350.0,2.0,228.125,,,False
Canto Da Praia,Studio/1Q,,,,,,,,780000.0,602500.0,795000.0,14220.689655172413,50.0,48.5,56.5,7.0,228.125,,,False
Casa Branca,2Q,350.0,297.5,385.0,11.0,63.0,53.0,0.20754716981132076,655000.0,588500.0,717250.0,9714.285714285714,69.5,68.75,70.0,20.0,228.125,79843.75,0.12189885496183206,False
Casa Branca,3Q,403.0,354.5,451.5,2.0,64.0,5.0,0.4,778000.0,732557.0,1412266.0,10658.771428571428,70.0,70.0,130.0,7.0,228.125,91934.375,0.11816757712082263,False
Castelo Branco,2Q,,,,,,,,1050000.0,883195.0,1200000.0,11862.5,87.0,78.0,97.0,59.0,228.125,,,False
Castelo Branco,3Q,,,,,,,,1677375.0,1390000.0,1970000.0,13579.596565513997,125.5,114.0,137.0,292.0,228.125,,,False
Castelo Branco,4Q,,,,,,,,2498900.0,1796250.0,3982500.0,13666.582375478927,182.0,157.0,240.0,128.0,228.125,,,False
Castelo Branco,5Q,,,,,,,,4798000.0,3645397.5,6395500.0,16446.50205761317,180.0,171.5,333.0,3.0,228.125,,,False
Castelo Branco,Studio/1Q,,,,,,,,951000.0,951000.0,951000.0,33964.28571428572,28.0,28.0,28.0,1.0,228.125,,,False
Centro,2Q,580.0,370.0,713.0,65.0,70.0,183.0,0.3551912568306011,1150000.0,898948.5,1570000.0,13387.09677419355,86.0,77.5,92.0,79.0,228.125,132312.5,0.11505434782608695,True
Centro,3Q,790.0,523.0,850.0,45.0,66.0,211.0,0.2132701421800948,2100000.0,1750000.0,2772000.0,15789.473684210527,131.0,120.0,141.0,425.0,228.125,180218.75,0.08581845238095238,True
Centro,4Q,745.0,637.5,862.5,4.0,40.0,32.0,0.125,3625000.0,2698850.0,5000000.0,18433.215391419726,192.5,170.0,220.0,378.0,228.125,169953.125,0.046883620689655174,False
Centro,5Q,850.0,850.0,850.0,1.0,38.0,4.0,0.25,8665000.0,6019000.0,12500000.0,25547.445255474453,411.0,282.0,418.0,25.0,228.125,193906.25,0.02237810155799192,False
Centro,6Q,,,,,,,,10554000.0,7581000.0,12500000.0,26776.705125186407,391.5,371.0,411.0,4.0,228.125,,,False
Centro,Studio/1Q,445.0,376.25,523.999975,78.0,77.0,118.0,0.6610169491525424,890000.0,625000.0,970000.0,19904.761904761905,42.0,37.5,61.0,19.0,228.125,101515.625,0.1140625,True
Estreito,3Q,,,,,,,,2750000.0,2750000.0,2750000.0,9821.42857142857,280.0,280.0,280.0,1.0,228.125,,,False
Estreito,4Q,,,,,,,,5107500.0,4645000.0,5365000.0,26762.516469038208,197.5,165.0,233.0,4.0,228.125,,,False
Ilhota,2Q,587.5,586.25,588.75,2.0,71.0,8.0,0.25,,,,,,,,,228.125,134023.4375,,False
Ilhota,3Q,500.0,500.0,500.0,1.0,64.0,7.0,0.14285714285714285,2025000.0,2025000.0,2780062.5,15697.67441860465,129.0,129.0,187.25,4.0,228.125,114062.5,0.05632716049382716,False
Ilhota,4Q,,,,,,,,2845125.0,2663385.0,3903189.0,18474.83766233766,154.0,146.0,193.0,19.0,228.125,,,False
Ilhota,Studio/1Q,345.5,343.25,347.75,2.0,83.5,7.0,0.2857142857142857,237500.0,215664.5,261250.0,6021.815789473684,38.0,37.25,41.0,4.0,228.125,78817.1875,0.33186184210526315,False
Itapema,3Q,,,,,,,,1614947.5,1132421.25,2097473.75,15029.384057971014,97.0,83.0,111.0,2.0,228.125,,,False
Jardim Praiamar,2Q,,,,,,,,729990.5,642855.75,829625.0,10822.4765625,64.0,64.0,69.25,88.0,228.125,,,False
Jardim Praiamar,3Q,,,,,,,,702191.0,656930.0,731250.0,10103.182194616977,69.5,69.0,70.0,8.0,228.125,,,False
Jardim Praiamar,4Q,,,,,,,,4000000.0,4000000.0,4000000.0,21052.63157894737,190.0,190.0,190.0,1.0,228.125,,,False
Jardim Praiamar,Studio/1Q,,,,,,,,740000.0,680000.0,749000.0,11935.483870967742,62.0,33.0,63.0,5.0,228.125,,,False
Meia Praia,2Q,450.0,360.0,583.83335,187.0,56.0,723.0,0.25864453665283543,1099100.0,929750.0,1291750.0,12929.347826086956,85.5,78.0,96.25,232.0,228.125,102656.25,0.09340028204894914,True
Meia Praia,3Q,655.25,500.0,832.5,327.0,61.0,1451.0,0.2253618194348725,1882918.0,1554000.0,2399830.0,14956.989247311827,129.0,118.0,141.0,1629.0,228.125,149478.90625,0.0793868380088777,True
Meia Praia,4Q,1012.5,815.0,1651.75,60.0,59.0,286.0,0.2097902097902098,3500000.0,2747422.5,4800000.0,18387.109077040426,188.0,170.0,210.0,1242.0,228.125,230976.5625,0.06599330357142857,True
Meia Praia,5Q,1897.0,1450.0,2100.0,5.0,32.0,27.0,0.18518518518518517,7344000.0,5001750.0,8777429.5,20920.840030832478,343.0,300.0,417.0,66.0,228.125,432753.125,0.058926079112200436,False
Meia Praia,6Q,,,,,,,,11990000.0,7594500.0,15412820.0,27250.0,402.0,333.5,421.0,3.0,228.125,,,False
Meia Praia,7Q,,,,,,,,4400500.0,3450750.0,5350250.0,15789.351851851852,265.5,240.75,290.25,2.0,228.125,,,False
Meia Praia,8Q,,,,,,,,2750000.0,2750000.0,2750000.0,9581.881533101045,287.0,287.0,287.0,1.0,228.125,,,False
Meia Praia,Studio/1Q,441.0,352.7,541.25,28.0,65.0,110.0,0.2545454545454545,850000.0,750000.0,1001251.75,20976.190476190477,40.0,40.0,43.25,48.0,228.125,100603.125,0.11835661764705882,True
Morretes,2Q,464.0,350.0,559.25,51.0,62.0,229.0,0.22270742358078602,790000.0,684750.0,889450.0,11706.634963768116,69.0,65.0,70.0,892.0,228.125,105850.0,0.1339873417721519,True
Morretes,3Q,611.0833250000001,515.0,907.25,10.0,60.0,59.0,0.1694915254237288,849470.0,719619.25,999000.0,11478.571428571428,70.0,70.0,98.5,152.0,228.125,139403.38351562503,0.16410630571488696,False
Morretes,4Q,1000.0,795.0,1250.0,3.0,58.0,12.0,0.25,6170982.5,4384000.0,6700000.0,26827.675879396986,186.5,183.0,215.0,56.0,228.125,228125.0,0.036967371079078576,False
Morretes,5Q,,,,,,,,7900000.0,7900000.0,7900000.0,33474.57627118644,236.0,236.0,236.0,1.0,228.125,,,False
Morretes,Studio/1Q,415.0,306.25,491.25,4.0,29.5,17.0,0.23529411764705882,705613.0,498651.75,750000.0,12743.210361237292,45.5,41.25,63.0,42.0,228.125,94671.875,0.13416968649954011,False
Ocean Tower,4Q,,,,,,,,4500000.0,4500000.0,4500000.0,19911.504424778763,226.0,226.0,226.0,1.0,228.125,,,False
Sertao Do Trombudo,2Q,,,,,,,,680000.0,680000.0,766000.0,11147.540983606557,62.0,59.0,64.5,7.0,228.125,,,False
Sertao Do Trombudo,3Q,,,,,,,,2225000.0,1837500.0,2612500.0,17204.83005366726,129.5,129.25,129.75,2.0,228.125,,,False
Sertao Do Trombudo,4Q,,,,,,,,3675000.0,3675000.0,3675000.0,17253.521126760563,213.0,213.0,213.0,1.0,228.125,,,False
Sertao Do Trombudo,Studio/1Q,,,,,,,,950000.0,950000.0,950000.0,12258.57475857476,77.5,77.25,77.75,2.0,228.125,,,False
Sertaozinho,2Q,,,,,,,,529360.0,529360.0,529360.0,9624.727272727272,55.0,55.0,55.0,1.0,228.125,,,False
Tabuleiro dos Oliveiras,2Q,425.0,385.25,581.0,12.0,61.0,74.0,0.16216216216216217,780000.0,696500.0,848392.5,11687.261904761905,69.0,63.0,70.0,108.0,228.125,96953.125,0.12429887820512821,False
Tabuleiro dos Oliveiras,3Q,597.0,495.0,665.5,4.0,81.5,19.0,0.21052631578947367,830000.0,766250.0,979790.0,11945.134575569358,70.0,70.0,70.0,14.0,228.125,136190.625,0.16408509036144578,False
Tabuleiro dos Oliveiras,4Q,1100.0,1100.0,1100.0,1.0,56.0,1.0,1.0,,,,,,,,,228.125,250937.5,,False
Tabuleiro dos Oliveiras,6Q,,,,,,,,4085460.0,4085460.0,4085460.0,18077.256637168142,226.0,226.0,226.0,1.0,228.125,,,False
Tabuleiro dos Oliveiras,Studio/1Q,,,,,,,,699000.0,699000.0,759500.0,12944.444444444445,54.0,53.5,61.0,3.0,228.125,,,False
Varzea,2Q,,,,,,,,649800.0,620000.0,680088.0,9457.142857142857,70.0,68.0,70.0,29.0,228.125,,,False
Varzea,3Q,,,,,,,,795000.0,741500.0,862500.0,9937.5,70.0,70.0,75.0,3.0,228.125,,,False
